眼科,内科,外科,小児科,整形外科,耳鼻咽喉科,皮膚科,婦人科,泌尿器科,精神科,脳神経外科,歯科,小児歯科,審美歯科,矯正歯科,口腔外科,麻酔科,放射線科,リハビリテーション科,アレルギー科,循環器内科,消化器内科,呼吸器内科,糖尿病内科,腎臓内科,神経内科,血液内科,内分泌科,形成外科,美容外科
コンタクトレンズ,風邪,外傷,予防接種,骨折,中耳炎,湿疹,妊婦健診,膀胱炎,うつ病,脳卒中,虫歯,虫歯予防,ホワイトニング,ワイヤー矯正,親知らず抜歯,全身麻酔,X線検査,理学療法,食物アレルギー,狭心症,胃炎,気管支炎,糖尿病,腎炎,パーキンソン病,貧血,甲状腺疾患,皮膚腫瘍,美容整形
ICL,インフルエンザ,手術,乳幼児健診,腰痛,花粉症,アトピー性皮膚炎,月経困難症,前立腺肥大症,統合失調症,脳腫瘍,歯周病,虫歯治療,セラミック治療,マウスピース矯正,顎関節症,局所麻酔,CT,作業療法,花粉症,心筋梗塞,胃潰瘍,肺炎,インスリン,腎不全,アルツハイマー病,白血病,副腎,熱傷,脂肪吸引
オルソケラトロジー,高血圧,乳腺,成長障害,関節痛,副鼻腔炎,ニキビ,更年期障害,尿路結石,不安障害,頭痛,矯正,フッ素塗布,ラミネートベニア,舌側矯正,腫瘍,疼痛,MRI,言語療法,喘息,不整脈,肝炎,喘息,血糖コントロール,透析治療,頭痛,リンパ腫,内分泌,瘢痕,豊胸
クマ取り,糖尿病,甲状腺,発達障害,リウマチ,難聴,水虫,不妊治療,頻尿,睡眠障害,てんかん,インプラント,シーラント,歯のクリーニング,部分矯正,口内炎,緩和ケア,放射線治療,リハビリ,アナフィラキシー,心不全,大腸ポリープ,COPD,糖尿病合併症,蛋白尿,後遺症,血小板減少症,バセドウ病,皮膚移植,二重まぶた
レーシック,脂質異常症,ヘルニア手術,小児喘息,骨粗鬆症,めまい,巻き爪,子宮がん検診,性病,認知症,脳動脈瘤,審美,乳歯,ガミースマイル,小児矯正（一期・二期治療）,インプラント,ペインクリニック,超音波検査,運動療法,薬物アレルギー,高血圧,胃がん検診,肺がん検診,栄養指導,血尿,多発性硬化症,骨髄異形成症候群,橋本病,顔面骨折,しわ取り
眼精疲労,メタボリックシンドローム,痔核手術,アレルギー,膝関節症,扁桃炎,じんましん,子宮筋腫,尿失禁,パニック障害,脳梗塞,ホワイトニング,咬合,金属アレルギー,顎関節症,唾石症,脊椎麻酔,マンモグラフィ,物理療法,ハウスダストアレルギー,動脈硬化,逆流性食道炎,睡眠時無呼吸症候群,食事療法,腎結石,筋萎縮性側索硬化症,多発性骨髄腫,副甲状腺,難治性皮膚潰瘍,アンチエイジング
眼瞼下垂,胃腸炎,虫垂炎,感染症,椎間板ヘルニア,耳鳴り,乾癬,卵巣嚢腫,前立腺がん検診,適応障害,脳出血,歯石除去,歯磨き,色素沈着,リテーナー,顎骨,硬膜外麻酔,IVR（血管内治療）,摂食嚥下,アレルゲン検査,心臓弁膜症,過敏性腸症候群,肺結核,運動療法,慢性腎臓病（CKD）,てんかん,再生不良性貧血,下垂体腫瘍,眼瞼下垂,隆鼻術
近視,貧血,胆嚢炎,発熱,捻挫,声帯ポリープ,ほくろ除去,性感染症,精巣炎,発達障害,くも膜下出血,口臭治療,定期健診,ダイレクトボンディング,咬合,白板症,PONV,血管造影検査,高次脳機能,アトピー性皮膚炎,心房細動,肝硬変,間質性肺炎,薬物療法,糖尿病性腎症,片頭痛,特発性血小板減少性紫斑病（ITP）,下垂体機能低下症,陥入爪,鼻整形
白内障,頭痛,皮下腫瘤,下痢,脱臼,咽頭炎,帯状疱疹,月経不順,ED治療,摂食障害,頭部外傷,根管治療,歯並び,マウスピース矯正,アンカースクリュー,紅板症,無痛分娩,骨塩定量,日常生活動作,アレルギー性鼻炎,拡張型心筋症,膵炎,非結核性抗酸菌症,糖尿病教育入院,腎硬化症,脊髄小脳変性症,成人T細胞白血病リンパ腫（ATL）,骨粗鬆症,巻き爪,小顔整形
飛蚊症,めまい,食道癌,気管支炎,五十肩,睡眠時無呼吸症候群,イボ,ピル処方,包茎治療,アルコール依存症,水頭症,入れ歯,口呼吸,歯肉移植,キレイライン,唇顎口蓋裂,神経ブロック,強度変調放射線治療（IMRT）,義肢・装具,蕁麻疹,肥大型心筋症,十二指腸潰瘍,気管支拡張症,自己血糖測定,ネフローゼ症候群,ギラン・バレー症候群,骨髄増殖性腫瘍,下垂体,瘢痕拘縮（ひきつれ）,医療脱毛
緑内障,発熱,胃癌,​肺炎,腱鞘炎,慢性中耳炎,皮膚感染症：とびひ,子宮頸がん,腎盂腎炎,双極性障害（躁うつ病）,頸動脈狭窄症,予防歯科,指しゃぶり,ブラックトライアングル,セラミッククラウン,顎変形症,,定位放射線治療（SBRT）,呼吸リハビリテーション,アレルギー性結膜炎,肺高血圧症,ピロリ菌,肺真菌症,,急性腎障害（AKI）,重症筋無力症,本態性血小板血症,性腺機能低下症,ケロイド 治療,ワキガ
老眼,腹痛,大腸癌,細気管支炎,頚椎症性脊髄症,突発性難聴,皮膚感染症：水いぼ,卵巣がん,膀胱癌,強迫性障害（OCD）,もやもや病,抜歯,永久歯,,セラミックインレー,舌がん,,,心臓リハビリテーション,金属アレルギー,大動脈瘤,機能性ディスペプシア,誤嚥性肺炎,,腎性貧血,脳炎,真性多血症,,ほくろ 切除,多汗症治療
斜視,感染症,虫垂炎,てんかん,腰部脊柱管狭窄症,顔面神経麻痺,脂漏性皮膚炎,子宮内膜症,間質性膀胱炎,自律神経失調症,脳動静脈奇形（AVM）,麻酔,過剰歯,,ラミネートベニア,歯肉がん,,,がんリハビリテーション,舌下免疫療法,大動脈解離,潰瘍性大腸炎,サルコイドーシス,,多発性嚢胞腎,髄膜炎,,,口唇裂,婦人科形成
乱視,肺炎,腸閉塞,​熱性けいれん,靭帯損傷,アレルギー性鼻炎,接触皮膚炎,子宮脱,尿道炎,心的外傷後ストレス障害（PTSD）,髄膜腫,障がい者,先天性欠如歯,,ステイン,歯根嚢胞,,,鍼灸,,末梢動脈疾患,クローン病,気胸,,,認知症,,,乳房再建,タトゥー除去
多焦点眼内レンズ,感染性胃腸炎,鼠径ヘルニア,湿疹,半月板損傷,鼻中隔弯曲症,天疱瘡,月経前症候群（PMS）,精巣腫瘍,社会不安障害（社交不安症）,下垂体腺腫,摂食嚥下,エナメル質形成不全,,ガミースマイル,粘液嚢胞,,,マッサージ,,静脈血栓症,胆石症,,,,レビー小体型認知症,,,リンパ浮腫,美容点滴
,膀胱炎,痔核,​蕁麻疹,手根管症候群,嗅覚障害,類天疱瘡,尿失禁,陰嚢水腫,パーソナリティ障害,聴神経腫瘍,スポーツ,舌小帯,,ピーリング,唾液腺炎,,,,,大動脈,胆のう炎,,,,,,,ボツリヌス療法,鼻整形
,蕁麻疹,陥入爪,アトピー性皮膚炎,肘部管症候群,,基底細胞癌,骨盤臓器脱,過活動膀胱,薬物依存症,三叉神経痛,睡眠,,,,三叉神経痛,,,,,,肝がん,,,,,,,,美容注射
,慢性腎臓病,痔瘻,尿路感染症,外反母趾,,悪性黒色腫,ブライダルチェック,尿閉,ギャンブル依存症,顔面痙攣,顎関節症,,,,顔面神経麻痺,,,,,,膵がん,,,,,,,,
,呼吸器疾患,自然気胸,夜尿症,足底腱膜炎,,自己免疫性疾患,,停留精巣,てんかん,正常圧水頭症,オールオン４,,,,閉塞性睡眠時無呼吸症候群,,,,,,感染性胃腸炎,,,,,,,,
,消化器疾患,蜂窩織炎,川崎病,アキレス腱断裂,,,,夜尿症,高次脳機能障害,脊髄腫瘍,,,,,口腔粘膜疾患,,,,,,,,,,,,,,
,循環器疾患,,先天性心疾患,骨腫瘍,,,,,解離性障害,,,,,,口腔がん,,,,,,,,,,,,,,
,緊張型頭痛,,糖尿病,,,,,,,,,,,,唾液腺,,,,,,,,,,,,,,
,血液疾患,,甲状腺疾患,,,,,,,,,,,,,,,,,,,,,,,,,,
,リンパ腫,,肥満症,,,,,,,,,,,,,,,,,,,,,,,,,,
,扁桃腺炎,,貧血,,,,,,,,,,,,,,,,,,,,,,,,,,
,白血病,,白血病,,,,,,,,,,,,,,,,,,,,,,,,,,
,,,膠原病,,,,,,,,,,,,,,,,,,,,,,,,,,
,,,新生児黄疸,,,,,,,,,,,,,,,,,,,,,,,,,,
,,,未熟児,,,,,,,,,,,,,,,,,,,,,,,,,,
,,,注意欠陥多動性障害（ADHD）,,,,,,,,,,,,,,,,,,,,,,,,,,
,,,自閉スペクトラム症,,,,,,,,,,,,,,,,,,,,,,,,,,
,,,栄養指導,,,,,,,,,,,,,,,,,,,,,,,,,,
,,,嘔吐,,,,,,,,,,,,,,,,,,,,,,,,,,
,,,リウマチ,,,,,,,,,,,,,,,,,,,,,,,,,,
,,,ヘルメット治療,,,,,,,,,,,,,,,,,,,,,,,,,,
